{
    "Name": "employee-post-header-rule",
    "Priority": 5,
    "Statement": {
        "AndStatement": {
            "Statements": [
                {
                    "NotStatement": {
                        "Statement": {
                            "ByteMatchStatement": {
                                "SearchString": "application/json",
                                "FieldToMatch": {
                                    "SingleHeader": {
                                        "Name": "content-type"
                                    }
                                },
                                "TextTransformations": [
                                    {
                                        "Priority": 0,
                                        "Type": "NONE"
                                    }
                                ],
                                "PositionalConstraint": "EXACTLY"
                            }
                        }
                    }
                },
                {
                    "ByteMatchStatement": {
                        "SearchString": "/v1/employee",
                        "FieldToMatch": {
                            "UriPath": {}
                        },
                        "TextTransformations": [
                            {
                                "Priority": 0,
                                "Type": "NONE"
                            }
                        ],
                        "PositionalConstraint": "EXACTLY"
                    }
                },
                {
                    "ByteMatchStatement": {
                        "SearchString": "POST",
                        "FieldToMatch": {
                            "Method": {}
                        },
                        "TextTransformations": [
                            {
                                "Priority": 0,
                                "Type": "NONE"
                            }
                        ],
                        "PositionalConstraint": "EXACTLY"
                    }
                }
            ]
        }
    },
    "Action": {
        "Block": {
            "CustomResponse": {
                "ResponseCode": 403
            }
        }
    },
    "VisibilityConfig": {
        "SampledRequestsEnabled": true,
        "CloudWatchMetricsEnabled": true,
        "MetricName": "employee-header-rule"
    }
}